{
  "evaluation_timestamp": "2025-07-28T18:34:28.269980",
  "main_results": {
    "Random": {
      "mean_reward": -839.48,
      "std_reward": 473.4733039992857,
      "mean_length": 82.64,
      "std_length": 46.56511999340279,
      "mean_vehicles_processed": 215.08,
      "mean_final_queue": 80.0,
      "n_episodes": 25,
      "rewards": [
        -200.0,
        -714.0,
        -637.0,
        -1371.0,
        -622.0,
        -459.0,
        -456.0,
        -1746.0,
        -1442.0,
        -1016.0,
        -1646.0,
        -403.0,
        -435.0,
        -857.0,
        -563.0,
        -617.0,
        -186.0,
        -763.0,
        -516.0,
        -1024.0,
        -1142.0,
        -1977.0,
        -396.0,
        -968.0,
        -831.0
      ],
      "lengths": [
        23,
        63,
        65,
        127,
        61,
        46,
        43,
        169,
        134,
        97,
        169,
        43,
        41,
        87,
        59,
        55,
        16,
        78,
        58,
        102,
        111,
        200,
        39,
        99,
        81
      ]
    },
    "DQN": {
      "mean_reward": -1037.76,
      "std_reward": 436.6731757275686,
      "mean_length": 166.8,
      "std_length": 66.6195166599098,
      "mean_vehicles_processed": 659.4,
      "mean_final_queue": 80.0,
      "n_episodes": 25,
      "rewards": [
        -425.0,
        -676.0,
        -826.0,
        -792.0,
        -801.0,
        -1470.0,
        -695.0,
        -1472.0,
        -1571.0,
        -1415.0,
        -1264.0,
        -790.0,
        -1073.0,
        -1359.0,
        -560.0,
        -682.0,
        -510.0,
        -865.0,
        -1764.0,
        -535.0,
        -914.0,
        -1988.0,
        -1703.0,
        -653.0,
        -1141.0
      ],
      "lengths": [
        86,
        110,
        126,
        135,
        120,
        244,
        123,
        245,
        243,
        220,
        206,
        141,
        180,
        218,
        108,
        106,
        85,
        129,
        291,
        89,
        139,
        296,
        268,
        102,
        160
      ]
    },
    "REINFORCE_Original": {
      "mean_reward": -241.96,
      "std_reward": 30.384838324401198,
      "mean_length": 25.64,
      "std_length": 2.75506805723561,
      "mean_vehicles_processed": 19.52,
      "mean_final_queue": 80.0,
      "n_episodes": 25,
      "rewards": [
        -227.0,
        -301.0,
        -261.0,
        -262.0,
        -214.0,
        -279.0,
        -244.0,
        -271.0,
        -250.0,
        -273.0,
        -208.0,
        -263.0,
        -179.0,
        -236.0,
        -207.0,
        -300.0,
        -230.0,
        -254.0,
        -238.0,
        -257.0,
        -246.0,
        -200.0,
        -213.0,
        -211.0,
        -225.0
      ],
      "lengths": [
        25,
        31,
        27,
        27,
        22,
        29,
        25,
        28,
        27,
        29,
        21,
        28,
        21,
        24,
        22,
        30,
        25,
        26,
        26,
        28,
        26,
        24,
        23,
        22,
        25
      ]
    },
    "REINFORCE_Improved": {
      "mean_reward": -189.64,
      "std_reward": 25.03578239240787,
      "mean_length": 18.24,
      "std_length": 2.4540578640284747,
      "mean_vehicles_processed": 0.0,
      "mean_final_queue": 80.0,
      "n_episodes": 25,
      "rewards": [
        -182.0,
        -204.0,
        -166.0,
        -248.0,
        -171.0,
        -193.0,
        -182.0,
        -172.0,
        -171.0,
        -199.0,
        -161.0,
        -183.0,
        -171.0,
        -183.0,
        -205.0,
        -160.0,
        -194.0,
        -166.0,
        -205.0,
        -212.0,
        -177.0,
        -204.0,
        -260.0,
        -161.0,
        -211.0
      ],
      "lengths": [
        17,
        19,
        16,
        23,
        16,
        18,
        17,
        17,
        16,
        19,
        16,
        18,
        16,
        18,
        20,
        15,
        19,
        16,
        20,
        22,
        17,
        19,
        25,
        16,
        21
      ]
    },
    "Actor_Critic": {
      "mean_reward": -272.0,
      "std_reward": 32.55764119219941,
      "mean_length": 19.24,
      "std_length": 2.232129028528593,
      "mean_vehicles_processed": 0.0,
      "mean_final_queue": 80.0,
      "n_episodes": 25,
      "rewards": [
        -246.0,
        -266.0,
        -296.0,
        -271.0,
        -296.0,
        -231.0,
        -211.0,
        -331.0,
        -221.0,
        -266.0,
        -281.0,
        -281.0,
        -341.0,
        -246.0,
        -311.0,
        -281.0,
        -246.0,
        -256.0,
        -291.0,
        -221.0,
        -281.0,
        -281.0,
        -251.0,
        -296.0,
        -301.0
      ],
      "lengths": [
        17,
        19,
        21,
        19,
        21,
        16,
        15,
        23,
        16,
        19,
        20,
        20,
        24,
        17,
        22,
        20,
        18,
        18,
        20,
        16,
        20,
        20,
        18,
        21,
        21
      ]
    },
    "PPO": {
      "mean_reward": -153.64,
      "std_reward": 17.03849758634839,
      "mean_length": 18.24,
      "std_length": 1.9241621553289108,
      "mean_vehicles_processed": 0.0,
      "mean_final_queue": 80.0,
      "n_episodes": 25,
      "rewards": [
        -132.0,
        -127.0,
        -158.0,
        -149.0,
        -136.0,
        -145.0,
        -166.0,
        -185.0,
        -137.0,
        -157.0,
        -173.0,
        -171.0,
        -122.0,
        -186.0,
        -159.0,
        -144.0,
        -173.0,
        -154.0,
        -149.0,
        -176.0,
        -140.0,
        -144.0,
        -158.0,
        -159.0,
        -141.0
      ],
      "lengths": [
        15,
        15,
        19,
        18,
        18,
        18,
        19,
        22,
        17,
        20,
        21,
        21,
        15,
        21,
        18,
        17,
        18,
        17,
        18,
        21,
        17,
        18,
        19,
        18,
        16
      ]
    }
  },
  "scenario_results": {
    "Morning_Rush": {
      "Random": {
        "mean_reward": -789.4666666666667,
        "std_reward": 436.7441457980735,
        "rewards": [
          -659.0,
          -1477.0,
          -881.0,
          -422.0,
          -1094.0,
          -484.0,
          -306.0,
          -1528.0,
          -352.0,
          -480.0,
          -678.0,
          -608.0,
          -1599.0,
          -299.0,
          -975.0
        ]
      },
      "DQN": {
        "mean_reward": -964.5333333333333,
        "std_reward": 256.90513597218893,
        "rewards": [
          -1314.0,
          -954.0,
          -864.0,
          -1223.0,
          -1168.0,
          -385.0,
          -1185.0,
          -860.0,
          -650.0,
          -1159.0,
          -779.0,
          -1265.0,
          -666.0,
          -1023.0,
          -973.0
        ]
      },
      "REINFORCE_Original": {
        "mean_reward": -234.33333333333334,
        "std_reward": 30.194186342554243,
        "rewards": [
          -263.0,
          -181.0,
          -204.0,
          -275.0,
          -262.0,
          -259.0,
          -247.0,
          -217.0,
          -193.0,
          -252.0,
          -230.0,
          -222.0,
          -209.0,
          -284.0,
          -217.0
        ]
      },
      "REINFORCE_Improved": {
        "mean_reward": -191.73333333333332,
        "std_reward": 22.863265053112798,
        "rewards": [
          -193.0,
          -177.0,
          -210.0,
          -183.0,
          -144.0,
          -177.0,
          -182.0,
          -177.0,
          -211.0,
          -221.0,
          -205.0,
          -215.0,
          -166.0,
          -182.0,
          -233.0
        ]
      },
      "Actor_Critic": {
        "mean_reward": -264.0,