Algorithm,Mean_Reward,Std_Reward,Mean_Length,Std_Length,Mean_Vehicles_Processed,Mean_Final_Queue,N_Episodes
Random,-839.48,473.4733039992857,82.64,46.56511999340279,215.08,80.0,25
DQN,-1037.76,436.6731757275686,166.8,66.6195166599098,659.4,80.0,25
REINFORCE_Original,-241.96,30.384838324401198,25.64,2.75506805723561,19.52,80.0,25
REINFORCE_Improved,-189.64,25.03578239240787,18.24,2.4540578640284747,0.0,80.0,25
Actor_Critic,-272.0,32.55764119219941,19.24,2.232129028528593,0.0,80.0,25
PPO,-153.64,17.03849758634839,18.24,1.9241621553289108,0.0,80.0,25
